customer_id,city,zone,customer_type
C0001,Delhi NCR,Noida Sector 18,Regular
C0002,Delhi NCR,Dwarka,New
C0003,Meerut,Saket,Occasional
C0004,Meerut,Saket,Occasional
C0005,Meerut,Ganga Nagar,New
C0006,Delhi NCR,Rohini,Occasional
C0007,Meerut,Noida Sector 18,Regular
C0008,Delhi NCR,Gurugram Cyber City,Regular
C0009,Meerut,Dwarka,Occasional
C0010,Meerut,Shastri Nagar,Occasional
C0011,Delhi NCR,Rohini,Regular
C0012,Delhi NCR,Connaught Place,New
C0013,Delhi NCR,Shastri Nagar,Regular
C0014,Delhi NCR,Noida Sector 18,New
C0015,Delhi NCR,Gurugram Cyber City,Regular
C0016,Delhi NCR,Rohini,New
C0017,Meerut,Dwarka,Regular
C0018,Delhi NCR,Dwarka,New
C0019,Delhi NCR,Dwarka,Occasional
C0020,Meerut,Shastri Nagar,Occasional
C0021,Delhi NCR,Noida Sector 18,Regular
C0022,Delhi NCR,Shastri Nagar,Regular
C0023,Meerut,Saket,Regular
C0024,Meerut,Gurugram Cyber City,New
C0025,Delhi NCR,Saket,Regular
C0026,Delhi NCR,Shastri Nagar,New
C0027,Meerut,Rohini,New
C0028,Meerut,Shastri Nagar,Occasional
C0029,Meerut,Connaught Place,Regular
C0030,Meerut,Dwarka,Occasional
C0031,Meerut,Connaught Place,Regular
C0032,Meerut,Gurugram Cyber City,Occasional
C0033,Meerut,Shastri Nagar,Occasional
C0034,Delhi NCR,Shastri Nagar,Occasional
C0035,Delhi NCR,Noida Sector 18,Regular
C0036,Meerut,Connaught Place,Occasional
C0037,Delhi NCR,Gurugram Cyber City,New
C0038,Delhi NCR,Gurugram Cyber City,Occasional
C0039,Meerut,Rohini,Occasional
C0040,Meerut,Noida Sector 18,Occasional
C0041,Meerut,Gurugram Cyber City,New
C0042,Meerut,Dwarka,Regular
C0043,Meerut,Shastri Nagar,Occasional
C0044,Delhi NCR,Noida Sector 18,New
C0045,Delhi NCR,Noida Sector 18,New
C0046,Delhi NCR,Shastri Nagar,Occasional
C0047,Meerut,Ganga Nagar,New
C0048,Meerut,Saket,Occasional
C0049,Meerut,Dwarka,Occasional
C0050,Delhi NCR,Noida Sector 18,Occasional
C0051,Meerut,Rohini,Regular
C0052,Meerut,Saket,Regular
C0053,Delhi NCR,Connaught Place,Regular
C0054,Delhi NCR,Ganga Nagar,Occasional
C0055,Delhi NCR,Ganga Nagar,New
C0056,Delhi NCR,Shastri Nagar,New
C0057,Meerut,Saket,Regular
C0058,Delhi NCR,Rohini,New
C0059,Delhi NCR,Dwarka,Occasional
C0060,Meerut,Connaught Place,Occasional
C0061,Delhi NCR,Rohini,New
C0062,Delhi NCR,Ganga Nagar,Occasional
C0063,Meerut,Ganga Nagar,Occasional
C0064,Meerut,Ganga Nagar,Regular
C0065,Meerut,Ganga Nagar,New
C0066,Delhi NCR,Noida Sector 18,Occasional
C0067,Meerut,Saket,New
C0068,Meerut,Rohini,Occasional
C0069,Meerut,Saket,New
C0070,Meerut,Gurugram Cyber City,Occasional
C0071,Delhi NCR,Dwarka,Regular
C0072,Delhi NCR,Shastri Nagar,Occasional
C0073,Delhi NCR,Saket,Regular
C0074,Meerut,Shastri Nagar,New
C0075,Meerut,Shastri Nagar,Regular
C0076,Delhi NCR,Shastri Nagar,New
C0077,Delhi NCR,Shastri Nagar,New
C0078,Delhi NCR,Gurugram Cyber City,New
C0079,Meerut,Shastri Nagar,Occasional
C0080,Delhi NCR,Ganga Nagar,Regular
C0081,Meerut,Shastri Nagar,New
C0082,Delhi NCR,Shastri Nagar,New
C0083,Meerut,Dwarka,New
C0084,Delhi NCR,Connaught Place,New
C0085,Delhi NCR,Rohini,Occasional
C0086,Meerut,Dwarka,New
C0087,Delhi NCR,Connaught Place,New
C0088,Meerut,Gurugram Cyber City,Regular
C0089,Meerut,Gurugram Cyber City,New
C0090,Meerut,Noida Sector 18,New
C0091,Meerut,Rohini,New
C0092,Delhi NCR,Connaught Place,New
C0093,Delhi NCR,Rohini,Occasional
C0094,Delhi NCR,Connaught Place,Regular
C0095,Delhi NCR,Connaught Place,Occasional
C0096,Delhi NCR,Saket,Regular
C0097,Meerut,Rohini,Occasional
C0098,Delhi NCR,Ganga Nagar,Occasional
C0099,Meerut,Gurugram Cyber City,Regular
C0100,Delhi NCR,Dwarka,New
C0101,Delhi NCR,Connaught Place,New
C0102,Meerut,Shastri Nagar,Occasional
C0103,Delhi NCR,Rohini,Occasional
C0104,Delhi NCR,Rohini,Occasional
C0105,Meerut,Rohini,Occasional
C0106,Delhi NCR,Gurugram Cyber City,Occasional
C0107,Meerut,Gurugram Cyber City,Regular
C0108,Meerut,Connaught Place,New
C0109,Meerut,Rohini,New
C0110,Meerut,Ganga Nagar,Occasional
C0111,Delhi NCR,Shastri Nagar,Regular
C0112,Meerut,Ganga Nagar,New
C0113,Meerut,Noida Sector 18,New
C0114,Delhi NCR,Rohini,New
C0115,Meerut,Saket,New
C0116,Meerut,Gurugram Cyber City,Regular
C0117,Meerut,Gurugram Cyber City,Regular
C0118,Meerut,Saket,New
C0119,Meerut,Gurugram Cyber City,New
C0120,Meerut,Connaught Place,Occasional
C0121,Delhi NCR,Rohini,Regular
C0122,Meerut,Ganga Nagar,Occasional
C0123,Delhi NCR,Ganga Nagar,Occasional
C0124,Meerut,Ganga Nagar,Regular
C0125,Delhi NCR,Noida Sector 18,Regular
C0126,Meerut,Saket,New
C0127,Meerut,Ganga Nagar,Occasional
C0128,Meerut,Shastri Nagar,Occasional
C0129,Meerut,Gurugram Cyber City,Occasional
C0130,Meerut,Noida Sector 18,New
C0131,Meerut,Saket,Regular
C0132,Delhi NCR,Gurugram Cyber City,Regular
C0133,Delhi NCR,Saket,Regular
C0134,Meerut,Noida Sector 18,Occasional
C0135,Meerut,Rohini,Regular
C0136,Meerut,Saket,New
C0137,Delhi NCR,Noida Sector 18,Regular
C0138,Delhi NCR,Noida Sector 18,Regular
C0139,Delhi NCR,Noida Sector 18,Occasional
C0140,Delhi NCR,Ganga Nagar,Regular
C0141,Delhi NCR,Noida Sector 18,New
C0142,Meerut,Ganga Nagar,New
C0143,Delhi NCR,Connaught Place,New
C0144,Meerut,Rohini,Regular
C0145,Meerut,Ganga Nagar,Regular
C0146,Delhi NCR,Dwarka,Regular
C0147,Meerut,Rohini,Regular
C0148,Delhi NCR,Shastri Nagar,Occasional
C0149,Delhi NCR,Shastri Nagar,New
C0150,Meerut,Noida Sector 18,Occasional
C0151,Meerut,Noida Sector 18,Occasional
C0152,Delhi NCR,Rohini,Regular
C0153,Delhi NCR,Noida Sector 18,Occasional
C0154,Delhi NCR,Dwarka,Regular
C0155,Delhi NCR,Rohini,Regular
C0156,Delhi NCR,Shastri Nagar,New
C0157,Meerut,Noida Sector 18,Regular
C0158,Delhi NCR,Noida Sector 18,Occasional
C0159,Meerut,Ganga Nagar,Regular
C0160,Delhi NCR,Noida Sector 18,Occasional
C0161,Delhi NCR,Shastri Nagar,Regular
C0162,Delhi NCR,Dwarka,New
C0163,Delhi NCR,Rohini,Regular
C0164,Delhi NCR,Noida Sector 18,Occasional
C0165,Meerut,Ganga Nagar,Regular
C0166,Meerut,Noida Sector 18,Occasional
C0167,Meerut,Noida Sector 18,Occasional
C0168,Meerut,Ganga Nagar,Regular
C0169,Delhi NCR,Shastri Nagar,Occasional
C0170,Meerut,Noida Sector 18,Regular
C0171,Delhi NCR,Saket,Occasional
C0172,Delhi NCR,Noida Sector 18,Occasional
C0173,Delhi NCR,Dwarka,New
C0174,Meerut,Noida Sector 18,Regular
C0175,Meerut,Ganga Nagar,Regular
C0176,Meerut,Gurugram Cyber City,New
C0177,Meerut,Gurugram Cyber City,Occasional
C0178,Delhi NCR,Dwarka,New
C0179,Meerut,Ganga Nagar,New
C0180,Meerut,Connaught Place,New
C0181,Delhi NCR,Gurugram Cyber City,New
C0182,Meerut,Rohini,New
C0183,Delhi NCR,Ganga Nagar,New
C0184,Delhi NCR,Saket,Occasional
C0185,Meerut,Ganga Nagar,Occasional
C0186,Meerut,Connaught Place,Regular
C0187,Meerut,Dwarka,New
C0188,Meerut,Ganga Nagar,Regular
C0189,Delhi NCR,Saket,Occasional
C0190,Delhi NCR,Noida Sector 18,Occasional
C0191,Delhi NCR,Shastri Nagar,Regular
C0192,Delhi NCR,Rohini,New
C0193,Delhi NCR,Dwarka,New
C0194,Meerut,Noida Sector 18,New
C0195,Meerut,Ganga Nagar,Regular
C0196,Meerut,Dwarka,New
C0197,Delhi NCR,Dwarka,Regular
C0198,Meerut,Shastri Nagar,New
C0199,Meerut,Connaught Place,New
C0200,Meerut,Ganga Nagar,Regular
C0201,Meerut,Ganga Nagar,New
C0202,Meerut,Shastri Nagar,New
C0203,Meerut,Saket,Occasional
C0204,Delhi NCR,Shastri Nagar,Regular
C0205,Meerut,Connaught Place,New
C0206,Meerut,Shastri Nagar,New
C0207,Delhi NCR,Ganga Nagar,Regular
C0208,Delhi NCR,Gurugram Cyber City,Regular
C0209,Meerut,Rohini,Occasional
C0210,Meerut,Connaught Place,Occasional
C0211,Delhi NCR,Shastri Nagar,Occasional
C0212,Delhi NCR,Rohini,New
C0213,Meerut,Gurugram Cyber City,Occasional
C0214,Meerut,Rohini,New
C0215,Meerut,Gurugram Cyber City,Occasional
C0216,Meerut,Connaught Place,Occasional
C0217,Delhi NCR,Saket,Occasional
C0218,Meerut,Saket,Occasional
C0219,Delhi NCR,Shastri Nagar,Regular
C0220,Delhi NCR,Ganga Nagar,Regular
C0221,Meerut,Connaught Place,Regular
C0222,Meerut,Connaught Place,New
C0223,Meerut,Gurugram Cyber City,New
C0224,Delhi NCR,Saket,Occasional
C0225,Meerut,Dwarka,Regular
C0226,Delhi NCR,Rohini,Occasional
C0227,Meerut,Saket,New
C0228,Delhi NCR,Saket,New
C0229,Meerut,Ganga Nagar,New
C0230,Delhi NCR,Ganga Nagar,New
C0231,Delhi NCR,Rohini,New
C0232,Meerut,Noida Sector 18,Occasional
C0233,Meerut,Noida Sector 18,New
C0234,Meerut,Saket,New
C0235,Meerut,Rohini,Regular
C0236,Meerut,Gurugram Cyber City,Occasional
C0237,Meerut,Noida Sector 18,Regular
C0238,Meerut,Noida Sector 18,Regular
C0239,Delhi NCR,Ganga Nagar,New
C0240,Delhi NCR,Gurugram Cyber City,Regular
C0241,Delhi NCR,Noida Sector 18,Occasional
C0242,Delhi NCR,Rohini,Occasional
C0243,Delhi NCR,Noida Sector 18,New
C0244,Delhi NCR,Gurugram Cyber City,Occasional
C0245,Delhi NCR,Rohini,New
C0246,Meerut,Shastri Nagar,Regular
C0247,Delhi NCR,Dwarka,Occasional
C0248,Meerut,Noida Sector 18,Regular
C0249,Meerut,Ganga Nagar,New
C0250,Meerut,Rohini,New
C0251,Delhi NCR,Dwarka,Regular
C0252,Meerut,Gurugram Cyber City,Regular
C0253,Meerut,Connaught Place,New
C0254,Delhi NCR,Ganga Nagar,New
C0255,Meerut,Shastri Nagar,Occasional
C0256,Meerut,Rohini,Occasional
C0257,Delhi NCR,Ganga Nagar,Regular
C0258,Meerut,Saket,Occasional
C0259,Delhi NCR,Ganga Nagar,Occasional
C0260,Meerut,Shastri Nagar,Regular
C0261,Delhi NCR,Connaught Place,Regular
C0262,Meerut,Ganga Nagar,Regular
C0263,Delhi NCR,Saket,Occasional
C0264,Delhi NCR,Shastri Nagar,New
C0265,Meerut,Shastri Nagar,Occasional
C0266,Delhi NCR,Shastri Nagar,Occasional
C0267,Delhi NCR,Ganga Nagar,Occasional
C0268,Meerut,Noida Sector 18,Regular
C0269,Meerut,Saket,New
C0270,Meerut,Saket,New
C0271,Delhi NCR,Gurugram Cyber City,Occasional
C0272,Meerut,Connaught Place,New
C0273,Meerut,Saket,Regular
C0274,Meerut,Rohini,Occasional
C0275,Delhi NCR,Connaught Place,Regular
C0276,Meerut,Saket,Regular
C0277,Delhi NCR,Rohini,Occasional
C0278,Delhi NCR,Saket,Regular
C0279,Meerut,Dwarka,Occasional
C0280,Delhi NCR,Noida Sector 18,Regular
C0281,Delhi NCR,Noida Sector 18,Regular
C0282,Delhi NCR,Connaught Place,Regular
C0283,Delhi NCR,Gurugram Cyber City,Regular
C0284,Meerut,Connaught Place,Regular
C0285,Meerut,Connaught Place,Regular
C0286,Meerut,Rohini,Occasional
C0287,Delhi NCR,Ganga Nagar,New
C0288,Meerut,Rohini,New
C0289,Delhi NCR,Connaught Place,Occasional
C0290,Meerut,Ganga Nagar,Occasional
C0291,Delhi NCR,Connaught Place,New
C0292,Meerut,Shastri Nagar,Occasional
C0293,Delhi NCR,Ganga Nagar,Occasional
C0294,Meerut,Rohini,Regular
C0295,Meerut,Dwarka,Regular
C0296,Delhi NCR,Noida Sector 18,Occasional
C0297,Meerut,Shastri Nagar,Occasional
C0298,Meerut,Ganga Nagar,Occasional
C0299,Meerut,Rohini,Occasional
C0300,Delhi NCR,Saket,New
C0301,Meerut,Saket,New
C0302,Meerut,Ganga Nagar,New
C0303,Meerut,Rohini,New
C0304,Meerut,Gurugram Cyber City,Occasional
C0305,Meerut,Gurugram Cyber City,Regular
C0306,Meerut,Rohini,Regular
C0307,Delhi NCR,Rohini,New
C0308,Delhi NCR,Gurugram Cyber City,Regular
C0309,Delhi NCR,Gurugram Cyber City,Occasional
C0310,Delhi NCR,Shastri Nagar,New
C0311,Meerut,Connaught Place,New
C0312,Meerut,Gurugram Cyber City,Regular
C0313,Delhi NCR,Dwarka,Occasional
C0314,Meerut,Saket,Regular
C0315,Meerut,Gurugram Cyber City,Regular
C0316,Meerut,Saket,New
C0317,Delhi NCR,Noida Sector 18,Regular
C0318,Delhi NCR,Noida Sector 18,Occasional
C0319,Meerut,Gurugram Cyber City,New
C0320,Delhi NCR,Dwarka,Regular
C0321,Meerut,Rohini,Regular
C0322,Delhi NCR,Rohini,Occasional
C0323,Delhi NCR,Shastri Nagar,New
C0324,Meerut,Gurugram Cyber City,Regular
C0325,Meerut,Noida Sector 18,Occasional
C0326,Meerut,Rohini,Regular
C0327,Delhi NCR,Dwarka,Occasional
C0328,Delhi NCR,Rohini,New
C0329,Meerut,Shastri Nagar,New
C0330,Meerut,Shastri Nagar,New
C0331,Delhi NCR,Rohini,New
C0332,Meerut,Rohini,New
C0333,Meerut,Noida Sector 18,Regular
C0334,Delhi NCR,Shastri Nagar,Occasional
C0335,Delhi NCR,Connaught Place,Regular
C0336,Meerut,Saket,Regular
C0337,Meerut,Noida Sector 18,New
C0338,Delhi NCR,Connaught Place,New
C0339,Meerut,Dwarka,Regular
C0340,Meerut,Saket,Occasional
C0341,Meerut,Rohini,New
C0342,Delhi NCR,Shastri Nagar,Regular
C0343,Meerut,Rohini,New
C0344,Meerut,Shastri Nagar,Occasional
C0345,Meerut,Noida Sector 18,Regular
C0346,Meerut,Connaught Place,New
C0347,Delhi NCR,Ganga Nagar,Occasional
C0348,Meerut,Rohini,New
C0349,Delhi NCR,Saket,New
C0350,Meerut,Rohini,New
C0351,Meerut,Gurugram Cyber City,Regular
C0352,Meerut,Dwarka,Regular
C0353,Delhi NCR,Saket,New
C0354,Meerut,Dwarka,Regular
C0355,Delhi NCR,Dwarka,New
C0356,Delhi NCR,Dwarka,Occasional
C0357,Delhi NCR,Rohini,Regular
C0358,Meerut,Ganga Nagar,Occasional
C0359,Meerut,Gurugram Cyber City,Occasional
C0360,Meerut,Dwarka,New
C0361,Delhi NCR,Ganga Nagar,New
C0362,Meerut,Noida Sector 18,Occasional
C0363,Delhi NCR,Gurugram Cyber City,Occasional
C0364,Delhi NCR,Noida Sector 18,New
C0365,Meerut,Connaught Place,Regular
C0366,Meerut,Noida Sector 18,Regular
C0367,Delhi NCR,Shastri Nagar,New
C0368,Delhi NCR,Ganga Nagar,Occasional
C0369,Delhi NCR,Gurugram Cyber City,Occasional
C0370,Meerut,Dwarka,Regular
C0371,Meerut,Rohini,New
C0372,Delhi NCR,Dwarka,Regular
C0373,Delhi NCR,Ganga Nagar,New
C0374,Delhi NCR,Gurugram Cyber City,New
C0375,Meerut,Shastri Nagar,New
C0376,Meerut,Connaught Place,Occasional
C0377,Meerut,Rohini,New
C0378,Delhi NCR,Shastri Nagar,New
C0379,Meerut,Dwarka,New
C0380,Delhi NCR,Dwarka,New
C0381,Meerut,Shastri Nagar,Regular
C0382,Delhi NCR,Noida Sector 18,Occasional
C0383,Meerut,Gurugram Cyber City,Regular
C0384,Delhi NCR,Shastri Nagar,Occasional
C0385,Meerut,Connaught Place,New
C0386,Meerut,Dwarka,Regular
C0387,Meerut,Ganga Nagar,Regular
C0388,Delhi NCR,Dwarka,Regular
C0389,Delhi NCR,Noida Sector 18,Regular
C0390,Delhi NCR,Gurugram Cyber City,Occasional
C0391,Delhi NCR,Shastri Nagar,Regular
C0392,Delhi NCR,Dwarka,Occasional
C0393,Delhi NCR,Ganga Nagar,Regular
C0394,Meerut,Gurugram Cyber City,Occasional
C0395,Delhi NCR,Ganga Nagar,Occasional
C0396,Meerut,Ganga Nagar,Regular
C0397,Delhi NCR,Noida Sector 18,New
C0398,Delhi NCR,Gurugram Cyber City,Occasional
C0399,Meerut,Ganga Nagar,New
C0400,Meerut,Shastri Nagar,Regular
C0401,Delhi NCR,Dwarka,New
C0402,Delhi NCR,Ganga Nagar,New
C0403,Delhi NCR,Rohini,New
C0404,Delhi NCR,Dwarka,New
C0405,Meerut,Dwarka,New
C0406,Delhi NCR,Saket,New
C0407,Meerut,Connaught Place,New
C0408,Delhi NCR,Shastri Nagar,Occasional
C0409,Meerut,Saket,New
C0410,Delhi NCR,Gurugram Cyber City,Regular
C0411,Delhi NCR,Gurugram Cyber City,Regular
C0412,Meerut,Dwarka,Regular
C0413,Delhi NCR,Noida Sector 18,New
C0414,Delhi NCR,Ganga Nagar,New
C0415,Delhi NCR,Rohini,Regular
C0416,Meerut,Saket,Regular
C0417,Meerut,Rohini,New
C0418,Delhi NCR,Noida Sector 18,Regular
C0419,Delhi NCR,Saket,New
C0420,Meerut,Rohini,Regular
C0421,Meerut,Connaught Place,Occasional
C0422,Delhi NCR,Dwarka,New
C0423,Meerut,Connaught Place,Occasional
C0424,Meerut,Saket,Occasional
C0425,Meerut,Dwarka,Occasional
C0426,Delhi NCR,Gurugram Cyber City,Regular
C0427,Delhi NCR,Shastri Nagar,New
C0428,Delhi NCR,Shastri Nagar,New
C0429,Meerut,Connaught Place,New
C0430,Delhi NCR,Gurugram Cyber City,Regular
C0431,Delhi NCR,Gurugram Cyber City,Regular
C0432,Delhi NCR,Gurugram Cyber City,Occasional
C0433,Meerut,Dwarka,Occasional
C0434,Meerut,Ganga Nagar,Occasional
C0435,Delhi NCR,Dwarka,Regular
C0436,Meerut,Connaught Place,New
C0437,Delhi NCR,Connaught Place,Regular
C0438,Delhi NCR,Gurugram Cyber City,New
C0439,Meerut,Ganga Nagar,New
C0440,Delhi NCR,Saket,New
C0441,Meerut,Connaught Place,Occasional
C0442,Meerut,Noida Sector 18,Regular
C0443,Meerut,Shastri Nagar,New
C0444,Meerut,Shastri Nagar,New
C0445,Delhi NCR,Ganga Nagar,Occasional
C0446,Meerut,Gurugram Cyber City,Occasional
C0447,Meerut,Rohini,Occasional
C0448,Meerut,Rohini,New
C0449,Delhi NCR,Noida Sector 18,New
C0450,Delhi NCR,Rohini,New
C0451,Meerut,Noida Sector 18,New
C0452,Meerut,Dwarka,Occasional
C0453,Meerut,Gurugram Cyber City,New
C0454,Delhi NCR,Gurugram Cyber City,Occasional
C0455,Meerut,Noida Sector 18,Occasional
C0456,Delhi NCR,Rohini,Occasional
C0457,Meerut,Gurugram Cyber City,Occasional
C0458,Delhi NCR,Connaught Place,Regular
C0459,Meerut,Connaught Place,Regular
C0460,Delhi NCR,Saket,Occasional
C0461,Meerut,Gurugram Cyber City,New
C0462,Delhi NCR,Dwarka,Occasional
C0463,Meerut,Gurugram Cyber City,New
C0464,Meerut,Rohini,Occasional
C0465,Delhi NCR,Gurugram Cyber City,New
C0466,Meerut,Noida Sector 18,Regular
C0467,Delhi NCR,Connaught Place,Occasional
C0468,Delhi NCR,Ganga Nagar,Occasional
C0469,Meerut,Rohini,New
C0470,Meerut,Ganga Nagar,Regular
C0471,Meerut,Ganga Nagar,Regular
C0472,Delhi NCR,Dwarka,Regular
C0473,Meerut,Dwarka,Occasional
C0474,Meerut,Rohini,Occasional
C0475,Meerut,Gurugram Cyber City,Occasional
C0476,Delhi NCR,Noida Sector 18,New
C0477,Delhi NCR,Dwarka,New
C0478,Delhi NCR,Rohini,Regular
C0479,Delhi NCR,Saket,New
C0480,Delhi NCR,Gurugram Cyber City,Occasional
C0481,Meerut,Ganga Nagar,Occasional
C0482,Delhi NCR,Rohini,Regular
C0483,Meerut,Shastri Nagar,Occasional
C0484,Meerut,Shastri Nagar,New
C0485,Delhi NCR,Dwarka,New
C0486,Delhi NCR,Ganga Nagar,New
C0487,Meerut,Dwarka,Occasional
C0488,Delhi NCR,Dwarka,New
C0489,Delhi NCR,Rohini,Occasional
C0490,Delhi NCR,Noida Sector 18,Regular
C0491,Delhi NCR,Gurugram Cyber City,Occasional
C0492,Delhi NCR,Gurugram Cyber City,Occasional
C0493,Meerut,Rohini,New
C0494,Delhi NCR,Noida Sector 18,Regular
C0495,Meerut,Rohini,Occasional
C0496,Delhi NCR,Dwarka,Regular
C0497,Meerut,Connaught Place,Regular
C0498,Delhi NCR,Connaught Place,Occasional
C0499,Meerut,Saket,Occasional
C0500,Meerut,Connaught Place,New
